Id,feedback,roberta_neg,roberta_neu,roberta_pos,vader_neg,vader_neu,vader_pos,vader_compound,ProductId,UserId,ProfileName,HelpfulnessNumerator,HelpfulnessDenominator,Score,Time,Summary,Text
1,POSITIVE,0.009624252,0.049980428,0.9403953,0.0,0.695,0.305,0.9441,B001E4KFG0,A3SGXH7AUHU8GW,delmartian,1,1,5,1303862400,Good Quality Dog Food,I have bought several of the Vitality canned dog food products and have found them all to be of good quality. The product looks more like a stew than a processed meat and it smells better. My Labrador is finicky and she appreciates this product better than  most.
2,NEGATIVE,0.5089861,0.45241353,0.038600344,0.138,0.862,0.0,-0.5664,B00813GRG4,A1D87F6ZCVE5NK,dll pa,0,0,1,1346976000,Not as Advertised,"Product arrived labeled as Jumbo Salted Peanuts...the peanuts were actually small sized unsalted. Not sure if this was an error or if the vendor intended to represent the product as ""Jumbo""."
3,POSITIVE,0.0032288984,0.09806744,0.8987037,0.091,0.754,0.155,0.8265,B000LQOCH0,ABXLMWJIXXAIN,"Natalia Corres ""Natalia Corres""",1,1,4,1219017600,"""Delight"" says it all","This is a confection that has been around a few centuries.  It is a light, pillowy citrus gelatin with nuts - in this case Filberts. And it is cut into tiny squares and then liberally coated with powdered sugar.  And it is a tiny mouthful of heaven.  Not too chewy, and very flavorful.  I highly recommend this yummy treat.  If you are familiar with the story of C.S. Lewis' ""The Lion, The Witch, and The Wardrobe"" - this is the treat that seduces Edmund into selling out his Brother and Sisters to the Witch."
4,POSITIVE,0.0022951285,0.09021923,0.90748566,0.0,1.0,0.0,0.0,B000UA0QIQ,A395BORC6FGVXV,Karl,3,3,2,1307923200,Cough Medicine,If you are looking for the secret ingredient in Robitussin I believe I have found it.  I got this in addition to the Root Beer Extract I ordered (which was good) and made some cherry soda.  The flavor is very medicinal.
5,POSITIVE,0.0016347291,0.01030247,0.98806286,0.0,0.552,0.448,0.9468,B006K2ZZ7K,A1UQRSCLF8GW1T,"Michael D. Bigham ""M. Wassir""",0,0,5,1350777600,Great taffy,"Great taffy at a great price.  There was a wide assortment of yummy taffy.  Delivery was very quick.  If your a taffy lover, this is a deal."
6,POSITIVE,0.006129598,0.021795882,0.97207445,0.029,0.809,0.163,0.883,B006K2ZZ7K,ADT0SRK1MGOEU,Twoapennything,0,0,4,1342051200,Nice Taffy,"I got a wild hair for taffy and ordered this five pound bag. The taffy was all very enjoyable with many flavors: watermelon, root beer, melon, peppermint, grape, etc. My only complaint is there was a bit too much red/black licorice-flavored pieces (just not my particular favorites). Between me, my kids, and my husband, this lasted only two weeks! I would recommend this brand of taffy -- it was a delightful treat."
7,POSITIVE,0.0013047527,0.007773787,0.99092144,0.034,0.693,0.273,0.9346,B006K2ZZ7K,A1SP2KVKFXXRU1,David C. Sullivan,0,0,5,1340150400,Great!  Just as good as the expensive brands!,"This saltwater taffy had great flavors and was very soft and chewy.  Each candy was individually wrapped well.  None of the candies were stuck together, which did happen in the expensive version, Fralinger's.  Would highly recommend this candy!  I served it at a beach-themed party and everyone loved it!"
8,POSITIVE,0.0020293554,0.0056851967,0.9922855,0.0,0.52,0.48,0.9487,B006K2ZZ7K,A3JRGQVEQN31IQ,Pamela G. Williams,0,0,5,1336003200,"Wonderful, tasty taffy",This taffy is so good.  It is very soft and chewy.  The flavors are amazing.  I would definitely recommend you buying it.  Very satisfying!!
9,POSITIVE,0.0038735797,0.094156325,0.9019701,0.0,0.851,0.149,0.6369,B000E7L2R4,A1MZYO9TZK0BBI,R. James,1,1,5,1322006400,Yay Barley,Right now I'm mostly just sprouting this so my cats can eat the grass. They love it. I rotate it around with Wheatgrass and Rye too
10,POSITIVE,0.0031034567,0.05591218,0.9409843,0.0,0.705,0.295,0.8313,B00171APVA,A21BT40VZCCYT4,Carol A. Reed,0,0,5,1351209600,Healthy Dog Food,This is a very healthy dog food. Good for their digestion. Also good for small puppies. My dog eats her required amount at every feeding.
11,POSITIVE,0.019134127,0.0710445,0.9098214,0.017,0.846,0.137,0.9746,B0001PB9FE,A3HDKO7OW0QNK4,Canadian Fan,1,1,5,1107820800,The Best Hot Sauce in the World,"I don't know if it's the cactus or the tequila or just the unique combination of ingredients, but the flavour of this hot sauce makes it one of a kind!  We picked up a bottle once on a trip we were on and brought it back home with us and were totally blown away!  When we realized that we simply couldn't find it anywhere in our city we were bummed.<br /><br />Now, because of the magic of the internet, we have a case of the sauce and are ecstatic because of it.<br /><br />If you love hot sauce..I mean really love hot sauce, but don't want a sauce that tastelessly burns your throat, grab a bottle of Tequila Picante Gourmet de Inclan.  Just realize that once you taste it, you will never want to use any other sauce.<br /><br />Thank you for the personal, incredible service!"
12,NEGATIVE,0.3726434,0.5196989,0.10765764,0.113,0.887,0.0,-0.7579,B0009XLVG0,A2725IB4YY9JEB,"A Poeng ""SparkyGoHome""",4,4,5,1282867200,"My cats LOVE this ""diet"" food better than their regular food","One of my boys needed to lose some weight and the other didn't.  I put this food on the floor for the chubby guy, and the protein-rich, no by-product food up higher where only my skinny boy can jump.  The higher food sits going stale.  They both really go for this food.  And my chubby boy has been losing about an ounce a week."
13,NEGATIVE,0.46612442,0.4152593,0.11861628,0.031,0.923,0.046,0.296,B0009XLVG0,A327PCT23YH90,LT,1,1,1,1339545600,My Cats Are Not Fans of the New Food,"My cats have been happily eating Felidae Platinum for more than two years. I just got a new bag and the shape of the food is different. They tried the new food when I first put it in their bowls and now the bowls sit full and the kitties will not touch the food. I've noticed similar reviews related to formula changes in the past. Unfortunately, I now need to find a new food that my cats will eat."
14,POSITIVE,0.0014077479,0.0058832797,0.9927089,0.0,0.355,0.645,0.9466,B001GVISJM,A18ECVX2RJ7HUE,"willie ""roadie""",2,2,4,1288915200,fresh and greasy!,good flavor! these came securely packed... they were fresh and delicious! i love these Twizzlers!
15,POSITIVE,0.0018244252,0.02184099,0.9763346,0.104,0.632,0.264,0.6486,B001GVISJM,A2MUGFV2TDQ47K,"Lynrie ""Oh HELL no""",4,5,5,1268352000,Strawberry Twizzlers - Yummy,The Strawberry Twizzlers are my guilty pleasure - yummy. Six pounds will be around for a while with my son and I.
16,POSITIVE,0.004562121,0.03232536,0.96311253,0.0,0.861,0.139,0.5719,B001GVISJM,A1CZX3CP8IKQIJ,Brian A. Lee,4,5,5,1262044800,"Lots of twizzlers, just what you expect.",My daughter loves twizzlers and this shipment of six pounds really hit the spot. It's exactly what you would expect...six packages of strawberry twizzlers.
17,POSITIVE,0.0029225894,0.013419523,0.9836579,0.097,0.694,0.209,0.7481,B001GVISJM,A3KLWF6WQ5BNYO,Erica Neathery,0,0,2,1348099200,poor taste,I love eating them and they are good for watching TV and looking at movies! It is not too sweet. I like to transfer them to a zip lock baggie so they stay fresh so I can take my time eating them.
18,POSITIVE,0.0011118235,0.008006259,0.9908819,0.0,0.61,0.39,0.8883,B001GVISJM,AFKW14U97Z6QO,Becca,0,0,5,1345075200,Love it!,I am very satisfied with my Twizzler purchase.  I shared these with others and we have all enjoyed them.  I will definitely be ordering more.
19,NEGATIVE,0.00303008,0.14215375,0.85481614,0.012,0.885,0.103,0.8957,B001GVISJM,A2A9X58G2GTBLP,Wolfee1,0,0,5,1324598400,GREAT SWEET CANDY!,"Twizzlers, Strawberry my childhood favorite candy, made in Lancaster Pennsylvania by Y & S Candies, Inc. one of the oldest confectionery Firms in the United States, now a Subsidiary of the Hershey Company, the Company was established in 1845 as Young and Smylie, they also make Apple Licorice Twists, Green Color and Blue Raspberry Licorice Twists, I like them all<br /><br />I keep it in a dry cool place because is not recommended it to put it in the fridge. According to the Guinness Book of Records, the longest Licorice Twist ever made measured 1.200 Feet (370 M) and weighted 100 Pounds (45 Kg) and was made by Y & S Candies, Inc. This Record-Breaking Twist became a Guinness World Record on July 19, 1998. This Product is Kosher! Thank You"
20,POSITIVE,0.005554629,0.03246925,0.9619762,0.0,0.863,0.137,0.6077,B001GVISJM,A3IV7CL2C13K2U,Greg,0,0,5,1318032000,Home delivered twizlers,Candy was delivered very fast and was purchased at a reasonable price.  I was home bound and unable to get to a store so this was perfect for me.
21,POSITIVE,0.010422163,0.065259255,0.9243186,0.0,0.865,0.135,0.6249,B001GVISJM,A1WO0KGLPR5PV6,mom2emma,0,0,5,1313452800,Always fresh,"My husband is a Twizzlers addict.  We've bought these many times from Amazon because we're government employees living overseas and can't get them in the country we are assigned to.  They've always been fresh and tasty, packed well and arrive in a timely manner."
22,POSITIVE,0.001678396,0.020744005,0.97757757,0.0,0.739,0.261,0.9153,B001GVISJM,AZOF9E17RGZH8,Tammy Anderson,0,0,5,1308960000,TWIZZLERS,"I bought these for my husband who is currently overseas. He loves these, and apparently his staff likes them also.<br />There are generous amounts of Twizzlers in each 16-ounce bag, and this was well worth the price. <a href=""http://www.amazon.com/gp/product/B001GVISJM"">Twizzlers, Strawberry, 16-Ounce Bags (Pack of 6)</a>"
23,POSITIVE,0.00947941,0.05693861,0.93358195,0.0,0.768,0.232,0.7687,B001GVISJM,ARYVQL4N737A1,Charles Brown,0,0,5,1304899200,Delicious product!,I can remember buying this candy as a kid and the quality hasn't dropped in all these years. Still a superb product you won't be disappointed with.
24,POSITIVE,0.0032611806,0.023222994,0.97351587,0.085,0.771,0.143,0.2617,B001GVISJM,AJ613OLZZUG7V,Mare's,0,0,5,1304467200,Twizzlers,I love this candy.  After weight watchers I had to cut back but still have a craving for it.
25,POSITIVE,0.44952756,0.3907345,0.15973787,0.038,0.895,0.068,0.3939,B001GVISJM,A22P2J09NJ9HKE,"S. Cabanaugh ""jilly pepper""",0,0,5,1295481600,Please sell these in Mexico!!,"I have lived out of the US for over 7 yrs now, and I so miss my Twizzlers!!  When I go back to visit or someone visits me, I always stock up.  All I can say is YUM!<br />Sell these in Mexico and you will have a faithful buyer, more often than I'm able to buy them right now."
26,NEGATIVE,0.045314,0.7786214,0.17606467,0.0,1.0,0.0,0.0,B001GVISJM,A3FONPR03H3PJS,"Deborah S. Linzer ""Cat Lady""",0,0,5,1288310400,Twizzlers - Strawberry,"Product received is as advertised.<br /><br /><a href=""http://www.amazon.com/gp/product/B001GVISJM"">Twizzlers, Strawberry, 16-Ounce Bags (Pack of 6)</a>"
27,NEGATIVE,0.9533157,0.04058291,0.0061014,0.128,0.872,0.0,-0.296,B001GVISJM,A3RXAU2N8KV45G,lady21,0,1,1,1332633600,Nasty No flavor,"The candy is just red , No flavor . Just  plan and chewy .  I would never buy them again"
28,NEGATIVE,0.0038475813,0.02275416,0.97339827,0.04,0.808,0.152,0.5956,B001GVISJM,AAAS38B98HMIK,Heather Dube,0,1,4,1331856000,Great Bargain for the Price,I was so glad Amazon carried these batteries.  I have a hard time finding them elsewhere because they are such a unique size.  I need them for my garage door opener.<br />Great deal for the price.
29,POSITIVE,0.0045323353,0.014126607,0.981341,0.022,0.669,0.309,0.9913,B00144C10S,A2F4LZVGFLD1OB,DaisyH,0,0,5,1338854400,YUMMY!,"I got this for my Mum who is not diabetic but needs to watch her sugar intake, and my father who simply chooses to limit unnecessary sugar intake - she's the one with the sweet tooth - they both LOVED these toffees, you would never guess that they're sugar-free and it's so great that you can eat them pretty much guilt free!  i was so impressed that i've ordered some for myself (w dark chocolate) to take to the office so i'll eat them instead of snacking on sugary sweets.<br />These are just EXCELLENT!"
30,POSITIVE,0.019134127,0.0710445,0.9098214,0.017,0.846,0.137,0.9746,B0001PB9FY,A3HDKO7OW0QNK4,Canadian Fan,1,1,5,1107820800,The Best Hot Sauce in the World,"I don't know if it's the cactus or the tequila or just the unique combination of ingredients, but the flavour of this hot sauce makes it one of a kind!  We picked up a bottle once on a trip we were on and brought it back home with us and were totally blown away!  When we realized that we simply couldn't find it anywhere in our city we were bummed.<br /><br />Now, because of the magic of the internet, we have a case of the sauce and are ecstatic because of it.<br /><br />If you love hot sauce..I mean really love hot sauce, but don't want a sauce that tastelessly burns your throat, grab a bottle of Tequila Picante Gourmet de Inclan.  Just realize that once you taste it, you will never want to use any other sauce.<br /><br />Thank you for the personal, incredible service!"
31,POSITIVE,0.002430513,0.016508134,0.98106134,0.041,0.692,0.267,0.9713,B003F6UO7K,AFM0O9480F04W,Sherril,0,0,5,1297641600,Great machine!,"I have never been a huge coffee fan. However, my mother purchased this little machine and talked me into trying the Latte Macciato. No Coffee Shop has a better one and I like most of the other products, too (as a usually non-coffee drinker!).<br />The little Dolche Guesto Machine is super easy to use and prepares a really good Coffee/Latte/Cappuccino/etc in less than a minute (if water is heated up). I would recommend the Dolce Gusto to anyone. Too good for the price and I'am getting one myself! :)"
32,POSITIVE,0.0013848746,0.009927845,0.9886873,0.0,0.484,0.516,0.9153,B003F6UO7K,A31OQO709M20Y7,"Molly V. Smith ""staral""",0,1,5,1288310400,THIS IS MY TASTE...,"This offer is a great price and a great taste, thanks Amazon for selling this product.<br /><br />Staral"
33,POSITIVE,0.11853336,0.3294422,0.5520245,0.069,0.839,0.092,0.7103,B001EO5QW8,AOVROBZ8BNTP7,S. Potter,19,19,4,1163376000,Best of the Instant Oatmeals,"McCann's Instant Oatmeal is great if you must have your oatmeal but can only scrape together two or three minutes to prepare it. There is no escaping the fact, however, that even the best instant oatmeal is nowhere near as good as even a store brand of oatmeal requiring stovetop preparation.  Still, the McCann's is as good as it gets for instant oatmeal. It's even better than the organic, all-natural brands I have tried.  All the varieties in the McCann's variety pack taste good.  It can be prepared in the microwave or by adding boiling water so it is convenient in the extreme when time is an issue.<br /><br />McCann's use of actual cane sugar instead of high fructose corn syrup helped me decide to buy this product.  Real sugar tastes better and is not as harmful as the other stuff. One thing I do not like, though, is McCann's use of thickeners.  Oats plus water plus heat should make a creamy, tasty oatmeal without the need for guar gum. But this is a convenience product.  Maybe the guar gum is why, after sitting in the bowl a while, the instant McCann's becomes too thick and gluey."
34,POSITIVE,0.0049691387,0.05102643,0.94400436,0.024,0.72,0.256,0.9779,B001EO5QW8,A3PMM0NFVEJGK9,"Megan ""Bad at Nicknames""",13,13,4,1166313600,Good Instant,"This is a good instant oatmeal from the best oatmeal brand.  It uses cane sugar instead of high fructouse corn syrup, so not only does it have a better sweetness, but some doctors now say that this form of sugar is better for you.  Great on a cold morning when you don't have time to make McCann's Steel Cut Oats.  The apple cinnamon is the best but the maple and brown sugar or the regular are good too.  Plus they don't require doctoring to actually tell the three flavors apart."
35,POSITIVE,0.0021597596,0.01779365,0.98004663,0.0,0.874,0.126,0.9091,B001EO5QW8,A2EB6OGOWCRU5H,CorbyJames,9,9,5,1175212800,Great Irish oatmeal for those in a hurry!,"Instant oatmeal can become soggy the minute the water hits the bowl. McCann's Instant Oatmeal holds its texture, has excellent flavor, and is good for you all at the same time. McCann's regular oat meal is excellent, too, but may take a bit longer to prepare than most have time for in the morning. This is the best instant brand I've ever eaten, and a very close second to the non-instant variety.<br /><br />McCann's Instant Irish Oatmeal, Variety Pack of Regular, Apples & Cinnamon, and Maple & Brown Sugar, 10-Count Boxes (Pack of 6)"
36,POSITIVE,0.0030508388,0.08110064,0.9158485,0.024,0.821,0.155,0.7622,B001EO5QW8,A2CI0RLADCRKPF,T. J. Ryan,3,3,4,1210464000,satisfying,"McCann's Instant Irish Oatmeal, Variety Pack of Regular, Apples & Cinnamon, and Maple & Brown Sugar, 10-Count Boxes (Pack of 6)<br /><br />I'm a fan of the McCann's steel-cut oats, so I thought I'd give the instant variety a try. I found it to be a hardy meal, not too sweet, and great for folks like me (post-bariatric surgery) who need food that is palatable, easily digestible, with fiber but won't make you bloat."
37,POSITIVE,0.002434576,0.011576185,0.9859892,0.0,0.754,0.246,0.9196,B001EO5QW8,A1MYS9LFFBIYKM,"Abby Chase ""gluten free""",2,2,5,1190851200,Love Gluten Free Oatmeal!!!,"For those of us with celiac disease this product is a lifesaver and what could be better than getting it at almost half the price of the grocery or health food store!  I love McCann's instant oatmeal - all flavors!!!<br /><br />Thanks,<br />Abby"
38,NEGATIVE,0.038969155,0.22200066,0.73903024,0.0,0.938,0.062,0.4457,B001EO5QW8,A3MGP2E1ZZ6GRB,"Zardoz ""focuspuller""",1,1,5,1238457600,it's oatmeal,"What else do you need to know? Oatmeal, instant (make it with a half cup of low-fat milk and add raisins;nuke for 90 seconds). More expensive than Kroger store brand oatmeal and maybe a little tastier or better texture or something. It's still just oatmeal. Mmm, convenient!"
39,POSITIVE,0.014056243,0.2988299,0.6871138,0.05,0.846,0.104,0.7638,B001EO5QW8,A2GHZ2UTV2B0CD,JERRY REITH,0,0,4,1350777600,GOOD WAY TO START THE DAY....,"I WAS VISITING MY FRIEND NATE THE OTHER MORNING FOR COFFEE , HE CAME OUT OF HIS STORAGE ROOM WITH ( A PACKET OF McCANNS INSTANT IRISH OATMEAL .) HE SUGGESTED THAT I TRY IT FOR MY OWN USE ,IN MY STASH . SOMETIMES NATE DOSE NOT GIVE YOU A CHANCE TO SAY NO , SO I ENDED UP TRYING THE APPLE AND CINN . FOUND IT TO BE VERY TASTEFULL WHEN MADE WITH WATER OR POWDERED MILK . IT GOES GOOD WITH O.J. AND COFFEE AND A SLICE OF TOAST AND YOUR READY TO TAKE ON THE WORLD...OR THE DAY AT LEAST..  JERRY REITH..."
40,POSITIVE,0.0012026617,0.02301091,0.97578645,0.0,0.856,0.144,0.8114,B001EO5QW8,AO80AC8313NIZ,kYpondman,0,0,5,1317168000,Wife's favorite Breakfast,"I ordered this for my wife as it was reccomended by our daughter.  She has this almost every morning and likes all flavors.  She's happy, I'm happy!!!<br /><a href=""http://www.amazon.com/gp/product/B001EO5QW8"">McCANN'S Instant Irish Oatmeal, Variety Pack of Regular, Apples & Cinnamon, and Maple & Brown Sugar, 10-Count Boxes (Pack of 6)</a>"
41,POSITIVE,0.009690572,0.03783324,0.95247614,0.033,0.82,0.147,0.9301,B001EO5QW8,AQCY5KRO7489S,Garrett,0,0,5,1303430400,Why wouldn't you buy oatmeal from Mcanns? Tastes great!,"The variety packs taste great!<br /><br />I have them every morning. At $0.30 cents per meal, I don't understand why everyone on earth isn't buying this stuff up.<br /><br />Maple and brown sugar is terrific, followed by apples and cinnamon, followed by regular. You don't get tired of the same ole thing, and they taste great.<br /><br />I just boil water from a small pot, empty the packet or 2 in a bowl, pour in boiling water, and watch it expand to 2x its size!<br /><br />Taste really good and takes minutes to prepare.<br /><br />Not sure why everyone on earth isn't this. Convenient, healthy, very quick, excellent quality, and extremely cheap..."
42,POSITIVE,0.03651169,0.18096739,0.7825209,0.03,0.848,0.122,0.9435,B001EO5QW8,A1WK4ALVZDYPUE,"Dick Baldwin ""christobe""",0,0,5,1302134400,Oatmeal For Oatmeal Lovers,"McCann's makes oatmeal for every oatmeal connoisseur, whether one likes it from the raw pellet state that cooks for half an hour, to the sloth addled instant, which can be done in the microwave for under three minutes. It's all good, that's for sure, and the beauty of the instant variety is that it is available in different flavors as well as regular.<br />  This variety pack allows different tastes to be explored, as well as giving you a chance to experience the difference between McCann's and other well-known oatmeals. What I personally like about McCann's is that it cooks up thicker and with more body than the top brand here in America. The Apples & Cinnamon, though, tends to be a little liquidy so you may want to experiment with the amount of water you add. In my 1300watt microwave the oatmeal cooks up in about one minute and twenty-seven seconds, so you should also watch that to get a handle on how much time and water to use.<br />  The only bad thing -- if you can consider it a bad thing -- about this offering is that you have to buy in lot so you'll end up with six ten-count boxes. This is good if you have a whole family of oatmeal-eaters, but if you're a single person alone -- well, love oatmeal."
43,POSITIVE,0.001403939,0.009315227,0.9892809,0.0,0.588,0.412,0.9441,B001EO5QW8,A16XFOYQSJREL7,Roger Pugliese,0,0,5,1287014400,Food-Great,I have McCann's Oatmeal every morning and by ordering it from Amazon I am able to save almost $3.00 per box.<br />It is a great product. Tastes great and very healthy
44,POSITIVE,0.0019128784,0.016714513,0.9813726,0.0,0.685,0.315,0.9161,B001EO5QW8,A17DW6SUOC70DJ,Mother of 9,0,0,5,1255392000,Good Hot Breakfast,"McCann's Oatmeal is a good quality choice.  Our favorite is the Apples and Cinnamon, but we find that none of these are overly sugary.  For a good hot breakfast in 2 minutes, this is excellent."
45,POSITIVE,0.005844248,0.041151866,0.9530039,0.031,0.778,0.191,0.8421,B001EO5QW8,A2G7B7FKP2O2PU,D. Leschke,0,0,5,1209686400,Great taste and convenience,We really like the McCann's steel cut oats but find we don't cook it up too often.<br />This tastes much better to me than the grocery store brands and is just as convenient.<br />Anything that keeps me eating oatmeal regularly is a good thing.
46,NEGATIVE,0.8868878,0.09925429,0.013857939,0.0,1.0,0.0,0.0,B001EO5QW8,A39Z97950MCTQE,K. A. Freel,0,0,3,1205193600,Hearty Oatmeal,"This seems a little more wholesome than some of the supermarket brands, but it is somewhat mushy and doesn't have quite as much flavor either.  It didn't pass muster with my kids, so I probably won't buy it again."
47,POSITIVE,0.1003439,0.29550382,0.60415226,0.0,0.737,0.263,0.9169,B001EO5QW8,AQLL2R1PPR46X,grumpyrainbow,0,0,5,1192752000,good,Good oatmeal.  I like the apple cinnamon the best.  Though I wouldn't follow the directions on the package since it always comes out too soupy for my taste.  That could just be me since I like my oatmeal really thick to add some milk on top of.
48,POSITIVE,0.16032937,0.3389705,0.50070006,0.0,0.868,0.132,0.4404,B001EO5QW8,A26AY1TFK8BQXQ,"kbogo ""shoelover""",1,2,3,1200096000,Mushy,"The flavors are good.  However, I do not see any differce between this and Oaker Oats brand - they are both mushy."
49,POSITIVE,0.0033884305,0.02127439,0.9753372,0.0,0.821,0.179,0.747,B001EO5QW8,ALOR97KTZTK1P,knitty pants,1,2,4,1191715200,Very good but next time I won't order the Variety Pack,"I really like the Maple and Brown Sugar flavor. The regular is fine with brown sugar added. The Apples and Cinnamon flavor is OK. This is a very quick, easy and satisfying breakfast and I'll order this brand again, but not the variety. I'll get all Maple and Brown Sugar."
50,NEGATIVE,0.9021344,0.08792554,0.009940101,0.056,0.865,0.079,0.2363,B001EO5QW8,A276999Y6VRSCQ,JMay,0,1,3,1334016000,Same stuff,This is the same stuff you can buy at the big box stores.  There is nothing healthy about it.  It is just carbs and sugars.  Save your money and get something that at least has some taste.
51,NEGATIVE,0.97635514,0.020687476,0.0029573706,0.22,0.78,0.0,-0.5448,B001EO5QW8,A108P30XVUFKXY,Roberto A,0,7,1,1203379200,Don't like it,"This oatmeal is not good. Its mushy, soft, I don't like it. Quaker Oats is the way to go."
52,POSITIVE,0.0047937287,0.026924009,0.9682823,0.047,0.735,0.218,0.9194,B000G6RPMY,A3S5KJDA6ED2PS,Mike Kaser,4,4,5,1243900800,HOT!  And good!  Came back for more  :),"Got a free package of these with a bottle of bloody mary mix I bought from the seller, and the advertising worked..lol,  I tried them, and shared them with 2 buddies, and we all loved them...  So im here to buy more, and noticed there were no reviews yet,...  well now there is.  They are Hot,  but not ""burn your mouth forever hot""  its a nice temp...  Perfect for us.."
53,NEGATIVE,0.52485424,0.37918487,0.09596092,0.09,0.858,0.052,-0.8259,B000G6RPMY,A9L6L5H9BPEBO,Edwin C. Pauzer,1,1,4,1348876800,You'll go nuts over Ass-Kickin' Peanuts.,"This wasn't in stock the last time I looked. I had to go to the Vermont Country Store in Weston to find it along with a jaw harp, Cranberry Horseradish Sauce, Fartless Black Bean Salsa, Apple Cider Jelly, Newton's Cradle Art in Motion and the staple Vermont Maple Syrup.<br /><br />Back to the Ass Kickin Peanuts. They are hot. They will activate the perspiration glands behind your ears and under your arms. It requires a beverage as advertised, a glass of very cold milk, and a box of Kleenex since it will make your nose run. They look like ordinary peanuts which is already giving me ideas for work. I suspect that some people have been hitting my goodies in my absence, especially my colleague Greg. I'm going to take this to work at earliest opportunity and empty the contents of this can into an ordinary Planters Peanuts can, and then see whose crying or whose nose is running when I return.<br /><br />The can should be shaken to ensure the spices are evenly distributed. It is important to wash your hands after consumption and not touch the eyes.<br /><br />You'll go nuts over these Ass-Kickin' Peanuts.<br /><br />P.S. I'm not sharing the peanuts, not deliberately, and I'll probably give Greg the jaw harp for Christmas. He'll be so insulted."
54,NEGATIVE,0.42265758,0.5005049,0.076837584,0.075,0.925,0.0,-0.3612,B000G6RPMY,AQ9DWWYP2KJCQ,"Roel Trevino ""protomex""",0,0,3,1278028800,not ass kickin,we're used to spicy foods down here in south texas and these are not at all spicy.  doubt very much habanero is used at all.  could take it up a notch or two.
55,POSITIVE,0.0016398334,0.050242234,0.9481179,0.0,0.857,0.143,0.8761,B002GWHC0G,A1ND7WC5LXOU48,"David Belton ""Proteus 1""",2,2,4,1322438400,Roasts up a smooth brew,"I roast at home with a stove-top popcorn popper (but I do it outside, of course). These beans (Coffee Bean Direct Green Mexican Altura) seem to be well-suited for this method. The first and second cracks are distinct, and I've roasted the beans from medium to slightly dark with great results every time. The aroma is strong and persistent. The taste is smooth, velvety, yet lively."
56,POSITIVE,0.00180009,0.018932346,0.9792676,0.071,0.708,0.221,0.8908,B002GWHC0G,A2EFAW1P3DRXWO,TJ Fairfax,0,0,5,1349395200,Our guests love it!,"We roast these in a large cast iron pan on the grill (about 1/3 of the bag at a time).  The smell is wonderful and the roasted beans taste delicious too.  More importantly, the coffee is smooth; no bitter aftertaste.  On numerous occasions, we've had to send the roasted beans home with friends because they like it so much."
57,POSITIVE,0.0016082082,0.008115834,0.990276,0.029,0.694,0.277,0.908,B004N5KULM,A202WR509428VF,amateur amazon shopper,2,2,5,1322438400,Awesome Deal!,Deal was awesome!  Arrived before Halloween as indicated and was enough to satisfy trick or treaters.  I love the quality of this product and it was much less expensive than the local store's candy.
58,POSITIVE,0.0020191846,0.018697951,0.9792829,0.0,0.701,0.299,0.91,B004N5KULM,ASCNNAJU6SXF8,S. Beck,1,1,5,1336176000,How can you go wrong!,"It is chocolate, what can I say.  Great variety of everything our family loves.  With a family of six it goes fast here.  Perfect variety.  Kit Kat, Reeses, take five and more."
59,POSITIVE,0.0012205162,0.007787714,0.99099183,0.0,0.611,0.389,0.9323,B004N5KULM,A2A7KXM9B4XW90,"P. Kelso ""Amazon all the way!""",0,0,5,1320364800,Awsome - Kids in neighborhood loved us!,"Great product, nice combination of chocolates and perfect size!  The bags had plenty, and they were shipped promptly.  The kids in the neighborhood liked our candies!"
60,POSITIVE,0.0038701734,0.08162689,0.9145029,0.0,0.638,0.362,0.8807,B004N5KULM,A2QOGOXPOVKAJG,mimimc,0,0,5,1320105600,great deal.,"Halloween is over but, I sent a bag to my daughters class for her share. The chocolate was fresh and enjoyed by many."
61,NEGATIVE,0.0147165265,0.27715135,0.7081321,0.0,0.9,0.1,0.4404,B004N5KULM,A1ZR8O62VSU4OK,"Lisa J. Szlosek ""lisa""",2,4,3,1318723200,Better price for this at Target,"Watch your prices with this.  While the assortment was good, and I did get this on a gold box purchase, the price for this was<br />$3-4 less at Target."
62,NEGATIVE,0.017847523,0.095916145,0.8862363,0.0,0.741,0.259,0.8442,B004N5KULM,A7ZK2A3VIW7X9,Peggy,0,2,5,1319414400,pretty expensive,"This bag of candy online is pretty expensive, it should be cheaper in order to compete with grocery stores, other than that, its a good combination of my favorite candy"
63,NEGATIVE,0.9050873,0.08281486,0.012097818,0.0,1.0,0.0,0.0,B001EO5TPM,A1E09XGZUR78C6,gary sturrock,2,2,1,1215302400,stale product.,Arrived in 6 days and were so stale i could not eat any of the 6 bags!!
64,POSITIVE,0.013532349,0.070573285,0.9158944,0.055,0.765,0.179,0.9817,B005DUM9UQ,A3HR0ZZOFKQ97N,RLC,3,3,5,1333497600,Hammer Nutrition 's Fizz Rocks!,"I have used the endurolyte product for several years in both pill and powder form.  Long desert rides on the dirt bike always found my camelbak water heavily laced with the endurolyte powder, not overly tasty, but quite effective, as I never got a cramp on these several hundred mile rides.  Same for desert racing in the buggy, the camelbaks were always laced with the powder.  Now we have the Fizz...what a great product!  Firstly, its Hammer's endurolyte product so it's great, endurance athlete's the world over use their products. Second its convenient, handly tablets that dissovle in a fizz.  Third it tastes great! Imagine getting a nice cool drink when your body is starving for hydration and electrolytes and rather than getting a ""salty"" taste, you get a refreshing lemon-lime or mango!  The camelbaks always get the Fizz now.  I also drop a tablet in my bottled water whenever I exercise and have a nice flavored water chock full of electrolytes. I cannot recommend this product or any hammer product highly enough."
65,POSITIVE,0.0015688112,0.018417532,0.9800136,0.046,0.75,0.205,0.8674,B005DUM9UQ,A2XIHNXODNZGV4,"ChemProf ""chem professor""",1,1,5,1333584000,great source of electrolytes,This product serves me well as a source of electrolytes during and after a long run or bike ride.<br />I have tried all of the flavors but really do like the grapefruit flavor... no after-taste and I actually like the slight carbonation.<br />I use other Hammer products and really like their whole product line.
66,POSITIVE,0.0031999776,0.08046344,0.9163366,0.04,0.822,0.138,0.5165,B005DUM9UQ,A3TWF9DQ6MU87E,dhy4b,1,1,5,1331510400,Great for preventing cramps,This stuff really works for preventing cramping during the middle to latter stages of your rides. Pop 1 into each water bottle and you're set. Flavor is fine and goes down easy.
67,POSITIVE,0.13516103,0.40439168,0.46044728,0.057,0.869,0.073,0.492,B005DUM9UQ,AEFIZIJ1FK1BK,Doug,0,0,5,1345161600,Low Carb Alternative to Gatorade,"For those of us on a low carb diet these little tablets are just the thing.<br /><br />Two years ago I started cycling again after many years but was having heart arrhythmia after longer rides in high heat.  I was drinking plain water but did a little research and thought electrolytes might be the issue.  Gatorade wasn't an option because it is so loaded with carbohydrates so I looked around for a low-carb alternative.  The ""zero carb"" sports drinks didn't help so what to do?  One day I ran across these at my bike shop so tried a tube of them.....voila!...problem solved!!<br /><br />I've shared them with two friends in particular whose problems with leg cramps were resolved while using these.<br /><br />These guys got it right -- they are superbly formulated and simply work....."
68,NEGATIVE,0.87971437,0.10624969,0.014035885,0.183,0.776,0.041,-0.9116,B005DUM9UQ,A8OFFIAL6XTOH,Bill Shirer,0,1,2,1338422400,Taste is not so good.,"I purchased the Mango flavor, and to me it doesn't take like Mango at all.  There is no hint of sweetness, and unfortunately there is a hint or aftertaste almost like licorice.  I've been consuming various sports nutrition products for decades, so I'm familiar and have come to like the taste of the most of the products I've tried.  The mango flavor is one of the least appealing I've tasted.  It's not terrible, but it's bad enough that I notice the bad taste every sip I take."
69,NEGATIVE,0.35050157,0.36837846,0.28111994,0.135,0.71,0.155,-0.0096,B000E7VI7S,A1KL2LAW08X6UQ,calmnsense,0,0,3,1169251200,How much would you pay for a bag of chocolate pretzels?,"If you're impulsive like me, then $6 is ok. Don't get me wrong, the quality of these babies is very good and I have no complaints. But in retrospect, the price is a little ridiculous (esp. when you add on the shipping)."
70,NEGATIVE,0.96015793,0.035429098,0.004412968,0.344,0.52,0.136,-0.7345,B000E7VI7S,AWCBF2ZWIN57F,C. Salcido,0,2,5,1185753600,pretzel haven!,this was sooooo deliscious but too bad i ate em too fast and gained 2 pds! my fault
71,NEGATIVE,0.032239866,0.13916087,0.8285993,0.036,0.916,0.048,0.2228,B001GVISJC,A27TKQHFW0FB5N,Chet,2,2,5,1254355200,Great Gummi!,"These Albanese gummi bears and rings and so on are very good and tasty and high quality. The bears even have little faces. At my local candy store this type of gummi stuff (bears, rings, snakes, balls, worms, whatever) are about $10/lb. These twin packs of 4.5 or 5 pound bags is a screaming deal as far as I'm concerned. I'm probably 50 pounds deep in these friggin' things. Consumed!"
72,POSITIVE,0.003874339,0.022212062,0.9739136,0.078,0.701,0.222,0.9733,B001GVISJC,A3BDOAPSF96WGQ,2tall,1,1,5,1289260800,Bigger then other brands,"Grape gummy bears are hard to find in my area. In fact pretty much anyone I talk to about grape gummy bears they think I'm lying. So I bought 10lbs... : ) These bears are a little bit bigger then the other brands and have kind of sour kick, but nothing to strong. I love grape flavored candy/soda and these are pretty good. There is another company that makes grape gummy bears that are a little bit better in my opinion, but these are well worth it for the price. I like to use the gummy bears in home made Popsicles with flavored sports drink. The salt in the sports drink makes for softer popsicles, and the gummy bears are awesome frozen. They are delicious!"
73,POSITIVE,0.0013178965,0.010000757,0.9886813,0.025,0.653,0.323,0.9787,B006SQBRMA,ATYMT48R62ENE,Marie,0,0,5,1327017600,Best ever latice tart,"I ordered two of these and two of raspberry latice tarts directly from FantasiCakes website for a dinner party I was hosting. It arrived fresh and intact. Very good size. I froze half for later use. I am a pastry lover and these were the best I've ever tasted. The pastry was soft, the jam was really good and the taste was great. They were gone in no time. My guests were really impressed."
74,NEGATIVE,0.54130054,0.3049055,0.15379395,0.093,0.762,0.144,0.9665,B0059WXJKM,A25VFHVGI4CFTP,Diana Robinson,0,1,1,1335744000,Warning!  WARNING!  -ALCOHOL SUGARS!,"Buyer Beware Please! This sweetener is not for everybody.  Maltitol is an alcohol sugar and can be undigestible in the body.  You will know a short time after consuming it if you are one of the unsuspecting many who cannot digest it by the extreme intestinal bloating and cramping and massive amounts of gas a person can experience. Nausea, diarrhea & headaches can also be experienced. I learned my lesson the hard way years ago when I fell in love with the sugar-free chocolates suzanne sommers used to sell.  I thought I'd found sugar-free chocolate nirvana at first taste but the bliss was short lived when the terrible side effects of maltitol kicked in.  The discomfort was unlike anything I had ever felt before.  I blew up like a balloon and had very painful abdominal cramping.  As the symptoms passed, this too was very unpleasant.  Though hard for me to believe a low calorie sweetener could be the culprit, all symptoms were gone when I stopped eating the chocolate. My hunch it had something to do with the maltitol were unfortunately confirmed for me about a year later when I purchased some delicious sugar-free popcorn at my local market.  The taste was amazing and while I was looking at the label wondering what could possibly make this yummy, new sugarfree treat taste so good, my heart sank when I followed the little asterisk next to sugarfree sweetener* down to the very bottom of the label and read ""maltitol"" in tiny little letters! Thank goodness I'd eaten only a little. I still ended up with all the same side-effects but for a much shorter duration. Some people can use maltitol to their heart's content but others, like me, can have a bad reaction to it. In case you're like me, ... it's not you ...it's the maltitol!"
75,POSITIVE,0.13885984,0.5320563,0.3290839,0.0,0.872,0.128,0.2263,B001EPPI84,A3Q0IDQ03S0158,Jen,0,0,2,1287705600,nothing special,It is okay.  I would not go out of my way to buy it again
76,NEGATIVE,0.9441382,0.05016807,0.0056936922,0.106,0.768,0.126,0.1098,B001EPPI84,A27TZ4WBU7N0YF,I. So,0,0,1,1275004800,No Tea Flavor,No tea flavor at all. Just whole brunch of artifial flavors. It is not returnable. I wasted 20+ bucks.
77,POSITIVE,0.26665452,0.4316501,0.3016954,0.019,0.898,0.083,0.5647,B004X2KR36,A2W3ABLWMJ84NS,Jessica Snyder,0,0,5,1348444800,Good,"These looked like a perfect snack to through in with my trail mix.  Unfortunately, they arrived in a solid mass of melted chocolate.  I left them in my pantry for a few days, and when I opened them at room temperature they were still gooey.  I through them in the fridge and I've been breaking off hunks ever since.  They taste good to me, but the chocolate is all grainy after melting and then solidifying again.  I won't order them online again, but if I see them in a store I would pick them up."
78,POSITIVE,0.0035588224,0.02785454,0.9685866,0.034,0.798,0.168,0.8303,B004X2KR36,A26M5O53PHZTKN,"Debs ""peanut""",0,0,5,1348185600,Taste great,These taste really good. I have been purchasing a different brand and these are very similar in taste and texture. I agree with the other reviewer regarding ordering in the summer. There is no insulating packaging with ice packs so they will melt in warm weather like all chocolate food items. Order in cold weather and buy enough to last!!!
79,POSITIVE,0.0048486507,0.052556112,0.9425952,0.0,0.763,0.237,0.7814,B004X2KR36,A2AB7M9UCNBVN7,sharonh4,0,0,3,1346976000,Order only in cold weather,"The taste was great, but the berries had melted.  May order again in winter. If you order in cold weather you should enjoy flavor."
80,POSITIVE,0.6261535,0.28211492,0.09173156,0.087,0.589,0.324,0.8636,B005R8JE8O,A3H1EQD2PBC085,jmc,0,0,5,1344902400,this is the best,"i know i cannot make tea this good.  granted, i am not from the south but i know i have never enjoyed tea that was this sweet without being too sweet.  it tastes crisp."
81,POSITIVE,0.0015721094,0.0062695034,0.9921584,0.0,0.723,0.277,0.9098,B0066DMI6Y,AB30HQTI5VOLR,Melinda Bishop,1,1,5,1325116800,Delicious!,This peppermint stick is delicious and fun to eat.  My dad got me one for Christmas because he remembered me having a similar one when I was a little girl.  I'm 30 now and I love it!
82,POSITIVE,0.0025260614,0.012215318,0.9852586,0.0,0.663,0.337,0.9041,B0066DMI6Y,AZLONLC8OZPEC,John W. Hollis,1,1,4,1324598400,Great,"Great gift for all ages! I purchased these giant canes before and the recipients loved them so much, they kept them and would not eat them."
84,POSITIVE,0.10250654,0.4036049,0.4938886,0.055,0.767,0.178,0.8642,B0019CW0HE,A1FD9E5C06UB6B,BRENDA DEMERS,5,5,3,1301011200,Natural Balance Lamb and Rice,"While my dogs like all of the flavors that we have tried of this dog food, for some reason their itching increased when I tried the lamb and rice. I have some very itchy dogs and am giving them a limited ingredient dog food to try to help. The duck and sweet potato cut down on the itching significantly, but when we tried lamb and rice they started itching more once again. I like Natural Balance for the quality ingredients."
85,NEGATIVE,0.12168548,0.35795143,0.5203631,0.109,0.676,0.214,0.8431,B0019CW0HE,AK2CXHH9VRZ2A,I. GLENN,4,4,3,1313193600,INCREASED MY DOGS ITCHING,"Awesome dog food. However, when given to my ""Boston"", who has severe reactions to some food ingredients; his itching increased to violent jumping out of bed at night, scratching. As soon as I changed to a different formula, the scratching stopped. So glad Natural Balance has other choices. I guess you have to try each, until you find what's best for your pet."
86,POSITIVE,0.0024510382,0.0100348145,0.9875142,0.035,0.698,0.267,0.9487,B0019CW0HE,A25BGFRHYHEZKK,Toby's mom,4,4,5,1292889600,Great food!,"We have three dogs and all of them love this food!  We bought it specifically for one of our dogs who has food allergies and it works great for him, no more hot spots or tummy problems.<br />I LOVE that it ships right to our door with free shipping."
87,POSITIVE,0.036023363,0.14819324,0.81578344,0.019,0.855,0.126,0.8797,B0019CW0HE,A37N9XZBB8JYOF,Ash52,1,1,5,1333670400,Great for my dogs allergies,"My dog has a ton of allergies both environmental and food. She was on a prescription dog food before we had her tested to see what allergies she has. After we got the test back, we learned she was allergic to something in the prescription brand. So I finally found this dog food and she has done so well on this! She still has her environmental triggers, but I am happy she can finally eat something I know won't cause her pain."
88,POSITIVE,0.0051310062,0.040446788,0.95442224,0.05,0.735,0.215,0.7424,B0019CW0HE,A1T4L0Q47OZ9N,Wendy,1,1,5,1320883200,Great for stomach problems!,My shepherd/collie mix has IBS.  Our vet recommended a limited ingredient food.  This has really helped her symptoms and she likes it.  I will always buy it from Amazon...it's $10 cheaper and free shipping!
89,POSITIVE,0.016249029,0.10783338,0.8759176,0.048,0.762,0.19,0.9716,B0019CW0HE,A3IMXZE9FCUNOC,Dana,1,1,5,1311638400,Better life for you dog!,Natural Balance Dry Dog Food Lamb Meal and Brown Rice Recipe did wonders for my Jack Russell. She has awful food allergy's and this food was our last hope because it was the last food we could find that didn't have SOMETHING in it that she was allergic to. She has no problem eating it dry but normally I mix the Natural Balance Dry Lamb and Brown Rice with the Natural Balance Wet Lamb and Brown Rice.. she seems to like that better. We started feeding it to our other dog (a Bichon) too and she loves it. If your dog has allergy's or stomach issue.. or if you want your dog to eat better food-- this is it! You will see a difference in your pet.
90,POSITIVE,0.003609499,0.009854284,0.9865362,0.029,0.645,0.326,0.9554,B0019CW0HE,A1EC57S6C2VLTL,"Lorraine ""Agelechio""",0,0,5,1347408000,Great Food,"Great food! I love the idea of one food for all ages & breeds. ÃŽt's a real convenience as well as a really good product.  My 3 dogs eat less, have almost no gas, their poop is regular and a perfect consistency, what else can a mom ask for!!"
91,POSITIVE,0.009687852,0.13429171,0.8560204,0.0,0.833,0.167,0.7351,B0019CW0HE,A1OGD72Y2Y26CF,Lisas201,0,0,5,1335398400,Great food for my my dog who has a sensitive stomach.,I have a standard poodle and pomeranian who both do wonderful on this food. I have switched them to a different food (due to price) a couple of times and end up going right back to natural balance.
92,NEGATIVE,0.007930279,0.04424152,0.9478282,0.0,0.837,0.163,0.6249,B0019CW0HE,A7JWCYVPF7KCO,gare,0,0,5,1334966400,Great dog food,"This is great dog food, my dog has severs allergies and this brand is the only one that we can feed him."
93,POSITIVE,0.002261892,0.0076761264,0.990062,0.069,0.663,0.268,0.8255,B0019CW0HE,ABG53EBZBKD23,"J. Romagnoli ""*jroma""",0,0,5,1333929600,Mmmmm  Mmmmm good.,This food is great - all ages dogs.  I have a 3 year old and a puppy.  They are both so soft and hardly ever get sick.  The food is good especially when you have Amazon Prime shipping  :)
94,POSITIVE,0.008068776,0.05497634,0.9369549,0.01,0.781,0.208,0.9882,B0019CW0HE,A3AF72GP4GVRY1,John D. Meara,0,0,5,1330041600,Great Dog Food!,"My golden retriever is one of the most picky dogs I've ever met.  After experimenting with various types of food, I have found she loves natural balance.  What I really like about natural balance is the fact that it has multiple flavors in dry and wet varieties.  I mix her dry food with a little wet food and my golden loves it.  Furthermore, I do like mixing up the flavors each time as I think the same meal day over day might get a little boring, so I figured why not.  I tend to stay away from the fish type though as it smells...<br /><br />Additionally, I started purchasing off Amazon because Petco didn't have the wet food box and only had a couple of cans.  I came home and to my surprise realized that I could save $20 each time I bought dog food if I just buy it off Amazon.<br /><br />All in all, I definitely recommend and give my stamp of approval to natural balance dog food.  While I have never eaten it, my dog seems to love it."
95,NEGATIVE,0.02168388,0.42294085,0.5553753,0.0,1.0,0.0,0.0,B0019CW0HE,A1DJAAKLPCJRZD,wendy,0,0,5,1329609600,So convenient,This is the same food we get at pet store. But it's delivered to my door! And for the same price or slightly less.
96,POSITIVE,0.0071166386,0.061204944,0.9316784,0.031,0.732,0.237,0.9273,B0019CW0HE,A1BFNM27629VAV,E. Triebe,0,0,5,1320105600,Good healthy dog food,I've been very pleased with the Natural Balance dog food. Our dogs have had issues with other dog foods in the past and I had someone recommend Natural Balance grain free since it is possible they were allergic to grains. Since switching I haven't had any issues. It is also helpful that have have different kibble size for larger/smaller sized dogs.
97,POSITIVE,0.0030773012,0.036150437,0.9607722,0.0,0.818,0.182,0.982,B0019CW0HE,A18AAABCIJKC5Q,Rhiever,0,0,5,1303776000,Great dog food,"My 1-1/2 year old basenji/jack russell mix loves this dog food. He's been noticeably healthier and more energetic since I switched him over from the standard dog foods earlier this year. Despite the higher cost of natural dog foods, I find that he eats significantly less of the Natural Balance dog foods and still stays happy and full. On the normal dog foods, he'd eat up to 3 cups of dog food a day (the recommended serving for his size), whereas he only eats about 1 cup to 1-1/2 cup of the Natural Balance dog food a day. When you take this into account, you're actually getting more ""bang for your buck"" with the natural dog foods since you don't have to buy as much to last just as long as the normal dog foods... and a healthier, happier dog, to boot! Add in the fact that you can get free, 2-day shipping with Amazon Prime... I'm sold!!"
98,POSITIVE,0.1561174,0.30707562,0.536807,0.053,0.793,0.154,0.7729,B0019CW0HE,A3UII2114114PI,"FuNky Faja ""SiLkk""",0,0,5,1297296000,"Great allergy sensitive dog food, dogs love it",Our pup has experienced allergies in forms of hotspots and itching from other dog foods. The cheap 'you can buy it anywhere' food not only have crazy preservatives in them but can cause health problems for your pets.  This food works wonders on reducing allergies and our dog loves the food.<br />This message is RAMSEY FrAnkenSteiN approved.
99,NEGATIVE,0.092718825,0.5976609,0.30962023,0.024,0.91,0.066,0.5106,B0019CW0HE,ABZ9F0D94YK45,Amazon-tron 3000,0,0,5,1295308800,Perfect for our English Bulldog with Allergies,"My English Bulldog had skin allergies the summer we got him at age 3.  The vet recommended we wean him off the food his previous owner gave him (Iams Lamb and Rice) and onto a new kind.  This was the second one we tried, and it has been working ever since.  It's for dogs that need a limited diet who can be sensitive to additives and proteins commonly found in commercial dog food (like chicken or beef)."
100,NEGATIVE,0.9624426,0.031978734,0.0055787275,0.173,0.735,0.092,-0.5267,B0019CW0HE,A2P6ACFZ8FTNVV,Melissa Benjamin,0,1,1,1331164800,Bad,"I fed this to my Golden Retriever and he hated it.  He wouldn't eat it, and when he did, it gave him terrible diarrhea.  We will not be buying this again.  It's also super expensive."
101,NEGATIVE,0.3069213,0.45656896,0.23650977,0.0,0.807,0.193,0.7717,B004K2IHUO,A1SYSKR79LA2CB,"Mycroft ""Virture is its own punishment""",4,5,5,1233014400,Taste wise it is a 6 star item,"The mouth says, ""How do I love thee, let me count the ways...""<br />If you like apple products a must have item.  The only draw back, shipping cost.  These are very heavy."
102,NEGATIVE,0.06290247,0.294516,0.6425816,0.103,0.752,0.145,0.2285,B004K2IHUO,A3D1TXE98KRKYO,"Danny ""The Student""",2,3,4,1256515200,Great Support,"Arrived slightly thawed. My parents wouldn't accept it. However, the company was very helpful and issued a full refund."
103,NEGATIVE,0.04052039,0.11086615,0.8486135,0.0,0.75,0.25,0.9287,B004K2IHUO,AVCA516CFZ9HF,S. Fowler,0,0,4,1335139200,TART!,"The crust on these tarts are perfect.  My husband loves these, but I'm not so crazy about them.  They are just too sour/tart for my taste.  I'll eat the crust and hubby takes my filling.  My kids think they're great, so maybe it's just me."
104,POSITIVE,0.029932527,0.054880787,0.9151867,0.0,0.859,0.141,0.7249,B004K2IHUO,A1P21J0DMTVGS7,Lovethemovies,0,0,5,1332028800,Omaha Apple Tartlets,"These are absolutely scrumptuous!  My husband and I both love them, however, as another customer put it, they are expensive to ship!  The cost of shipping is more than the tartlets themselves are!"
105,POSITIVE,0.0038570915,0.013474408,0.9826685,0.051,0.577,0.372,0.9313,B004K2IHUO,AL3E5V6MXO9B0,pionex1796,0,0,5,1326412800,Loved these Tartlets,What a nice alternative to an apple pie. Love the fact there was no slicing and dicing. Easy to prepare. I also loved the fact that you can make them fresh whenever needed.
106,POSITIVE,0.0018723538,0.008443229,0.98968446,0.0,0.696,0.304,0.9603,B004K2IHUO,A2O9G2521O626G,Rachel Westendorf,0,0,5,1308700800,The best,I like Creme Brulee. I loved that these were so easy. Just sprinkle on the sugar that came with and broil. They look amazing and taste great. My guess thought I really went out of the way for them when really it took all of 5 minutes. I will be ordering more!
107,NEGATIVE,0.36725068,0.43870342,0.19404586,0.0,0.791,0.209,0.5719,B004K2IHUO,A1ZKFQLHFZAEH9,"S. J. Monson ""world citizen""",2,8,3,1236384000,disappointing,not what I was expecting in terms of the company's reputation for excellent home delivery products
108,POSITIVE,0.0019238489,0.016131043,0.98194516,0.0,0.804,0.196,0.9503,B001REEG6C,A30835UIR6F8KB,Adam E. Smith,2,2,5,1295308800,Wasting Vinegar on a Cucumber is a Shame!,"I first bought pickled asparagus at an Amish market and it was love at first bite. Hence, when I saw these on the discount rack at the local Safeway I cleaned it out.  These are even better than the ones from the Amish market. They are fantastic, and some of the jars have a bonus clove of garlic at the bottom. I'm going to order the six pack and I'm a household of one. They wont go to waste!"
109,POSITIVE,0.0024852508,0.0058696126,0.99164516,0.059,0.676,0.265,0.9116,B001REEG6C,A10EHUTGNC4BGP,M. Foell,1,1,5,1243728000,Asparagus Bliss,"I love asparagus.  Up until very recently, I had never had pickled asparagus.  Oh my goodness, when a friend introduced me to this exact brand, I couldn't believe how great stuff tasted.  I loved it so much I bought the six pack.  I've got 2 jars left.  Gonna need more!!"
110,POSITIVE,0.0024270844,0.0118135195,0.9857594,0.014,0.764,0.222,0.9841,B001REEG6C,AY12DBB0U420B,Gary Peterson,0,0,5,1316390400,My Idea of a Good Diet Food.,"I'm presently on a diet and I was at my Fresh and Easy Neighborhood Grocery looking over possible diet foods. I wanted things that were tasty, non-fat and low in calories. I came home with about a dozen items. That's how I discovered the Tillen Farms Pickled Crispy Asparagus. Well, I've always liked asparagus anyway and I've enjoyed several brands of pickled asparagus. This Tillen Farms brand is really, really good! It's the best I can recall. There's an excellent flavor and a big clove of garlic down in  the bottom of the jar which I'm looking forward to eating. I can't believe how good this asparagus tastes and right on the front it says ""only 60 calories per jar!"" Now this is my idea of a good diet food!<br /><br />Gary Peterson"
111,POSITIVE,0.071035676,0.4062137,0.5227506,0.059,0.879,0.062,0.0176,B000J0HIT2,A1VKJN5Y1C7S5Y,"Wilhelmina Robinson ""Wilhelmina Robinson &#34...",2,2,2,1250812800,Low Carb Angel Food Puffs,"I was diappointed in the flavor and texture of this mix.  I usually like most of the Low Carb things I have tried, but was diappointed in this specific one."
112,POSITIVE,0.003892135,0.021213956,0.97489387,0.0,0.81,0.19,0.8769,B0037LW78C,A3VEYLW2KPZNGK,G. Simmons,3,3,5,1297814400,Delicious tea,I have been drinking this tea for a long time now.  I used to have to purchase it at a doctor's office because it wasn't available elsewhere.  I'm so glad that I can buy it now from Amazon.com.  I drink this tea throughout the day like other folks drink coffee.  Wonderful taste.
113,POSITIVE,0.11883127,0.38704342,0.49412525,0.037,0.786,0.177,0.9946,B0037LW78C,A2F65U0UDY7TAW,Aldo,2,2,5,1337990400,My every day green tea,"I have been drinking Royal King 100% Natural Organic Green Tea (100 tea bags x 2g each) as my every day tea for several years now.  I buy 12 boxes at a time to save on shipping.  For many years I used to drink coffee from morning till night.  But finally I realized that drinking so much coffee was not healthy for me.  I finally resolved to improve my health and stopped drinking coffee all together.  I tried many alternative drinks to replace my coffee habit.  I found that green tea was not only good tasting it also has health benefits.  Green tea is one of the few drinks that actually makes you healthier (coffe and other drinks do not) - the only healthier drink is quality cold water.  In my opinion, for the price, Royal King 100% Natural Organic Green Tea is one of the best tasting teas.  This green tea has a beautiful golden color, the taste is bright and fresh.  I recommend adding a tiny amount of Y.S. Organic Bee Farms RAW HONEY to the tea to add sweetness and health benefits too.  I also give myself a treat once in a while by having a much more expense tea (Tribute Xi Hu Long Jing) but this fantastic tea is not practical for me to drink as my every day tea (although I would if I could afford it).<br /><br />Cons:  On my latest shipment the package shown on the Amazon page is different than the one shipped.  The one shipped displays ""NATURALLY HIGH IN POLYPHENOL CATECHINS"" (a key contributive element to the possible health effects of tea), whereas the Amazon package displays ""CAFFENE FREE"".  So I am not sure if this green tea is Caffene free or not.  The other con is that sometimes the tea bag rips open when I unwrap the string from around the tea bag. So if the string seems stuck to the tea bag I put the bag in the hot water to unstick it."
114,POSITIVE,0.0019037202,0.009111734,0.98898447,0.0,0.631,0.369,0.8779,B0037LW78C,AWNANZ5VUO7IB,John D. Zuccarino,1,1,5,1308960000,the best tea ever... freah bright clean,"this has to be one of the best teas I have ever tasted... it's clean, bright, fresh...<br /><br />great delivery...again quality... just try it..."
115,POSITIVE,0.0037509762,0.0120698735,0.9841792,0.027,0.727,0.245,0.9379,B0037LW78C,A1Q4PJXI5HS5WT,ceecee,0,0,5,1333065600,Tea review,"I love, love this green tea.  It is very hard to find in our area and some places on the internet charge a big price and I usually don't get as many boxes as I did with this merchant.  I will definitely order from this seller again!! Thanks!!  I depend on my green tea fix everyday!"
116,POSITIVE,0.001251192,0.01608139,0.9826674,0.0,0.645,0.355,0.872,B0037LW78C,A2IX1B76ONTXEL,Cinderella,0,0,5,1326585600,Wonderful Tea,I love this tea. It helps curb my eating during the day. My Mom and I have given it all friends to try.
117,POSITIVE,0.003406014,0.039611995,0.95698196,0.0,0.892,0.108,0.6573,B0026Y3YBK,A3P60QLFDDCHOY,"Giordano ""GB""",2,2,5,1304899200,Great cookies,"I'm Italian and I lived in Italy for years. I used to buy these cookies for my everyday breakfast with an Italian espresso. I couldn't find them anywhere here in the Bay area, so it's great to have them again."
118,POSITIVE,0.0017548684,0.010143994,0.9881011,0.0,0.781,0.219,0.9751,B0026Y3YBK,A38BUM0OXH38VK,singlewinder,0,0,5,1347667200,Best everyday cookie!,"In the 1980s I spent several summers in Italy. This biscotti is often given as a breakfast food or mid-day snack. They are simple and delicious and were not sold in the US back then. They are so good that I brought back two bags from a recent trip to Italy. It is great to see that they may now be found on Amazon!<br /><br />Note: it is great to open a bag, smell the contents, pour a glass of milk, then dip the Macines in the milk. Great routine and treat for kids!"
119,NEGATIVE,0.28056347,0.47737712,0.24205942,0.05,0.872,0.079,0.8972,B003SE19UK,AD1WWGMEQ8FWW,Bob Rex,5,5,5,1290988800,So Far So Good,"I had heard a little about this product from the local pet store, then tried a small bag for our 2 cats of about 3 and 6 years respectively. The female, younger one took to it right away, and the older male, who was unfortunately weaned on the junk cat food with all the corn meal and etc... in it, and would usually refuse a diet change, actually liked it too. The older male is overweight and we were trying to switch him to soft food on the doctor's request, but he totally refused it. He is a posh cat after all. He still consumes too many calories, the fatty, but at least I know he's eating good food. Of course, I know this product seems to cost more than most other feline food on the market, but I just can't see feeding our animals the lousy alternatives that are out there, marketed as being healthy. Why do commercials show cats eating a vegetarian diet which is mostly corn meal? Is that right? I'll stay with this for now, but stay tuned.<br /><br />I'm updating this review after 9 months of using this cat food for our two cats. I upgraded the stars from 4 to 5 as it really has been a good food for the two of them. Garfield still eats a little too much, but he's just a big cat who doesn't exercise much, let's face it. Our female cat will be 4 years old in a couple months and she's so healthy. She's tiny, but happy and agile. I tried the chicken version of Holistic Select, but Garfield seemd to miss this sardine version so we went back to this one. I've ordered the duck version and will update this once they try it."
120,POSITIVE,0.0032583813,0.018432537,0.9783091,0.013,0.785,0.203,0.9828,B003SE19UK,A2PM49X61MWZJV,DamiKris,4,4,5,1324166400,Best Cat Food,"I started buying this after I noticed my 1 year old cat was already starting to lose his ""spunk"" so I decided it was time to start buying him ""real"" cat food...not the garbage in the super markets. I found this at the pet store out of the other million choices, and I'm sure there are other brands that are just as good but this is the one I went with to try first and it was a great purchase. My cat has been on this for the past 8 months and he's now just has active as he was when he was a kitten and his coat has became sooo soft. Mainly, he loved the taste even more! I highly recommend this brand to all my friends and family for their animals!"
121,POSITIVE,0.0035531702,0.022995992,0.9734508,0.026,0.759,0.215,0.9509,B003SE19UK,A3A52DETIFZNZS,Sarah Wilson,4,4,5,1309564800,Great food.,"I have done a lot of research to find the best food for my cat, and this is an excellent food.  That is also according to my holistic veterinarian.  They put probiotics on the kibble as the last step, which is very important to me.  The best thing is that my cat loved it immediately and I had to stop mixing it with the old food because she only would eat Holistic Select."
122,NEGATIVE,0.19982725,0.46116272,0.33901006,0.102,0.822,0.076,-0.3626,B003SE19UK,A3L15C30CBPZOR,Cynthia G. Pate,2,2,5,1330992000,Perfect Cat Food For Older Cats!,This cat food was recommended by my vet because my 13 year old Cleo Cat was having trouble keeping any food down and was loosing weight.  It stopped her problems.  She doesn't eat as much as before since she seems to be more satisfied after eating which helps justify the added price.  It aids in digestion since the...ok sorry...smells are gone if ya know what I mean.  Had to add that so anyone experiencing problems with their cats can see there are a lot of benifits from this cat food.
123,POSITIVE,0.1365534,0.34716147,0.5162851,0.025,0.803,0.172,0.9022,B003SE19UK,A29SUR9R8ZU54B,Alfbo,1,1,5,1313107200,Good for Feline UTI,"I have a 4 year old male cat who has chronic urinary tract infections.  I feed him this dry food in combination with wet food (with water added to it) and Uri Ease.  The combination seems to keeps his UTI's under control.  If I switch to another type of dry food, his UTI gets worse.  The other cats seem to enjoy this food as well.  It's expensive but it seems to be the best solution for me."
124,POSITIVE,0.084528,0.39469144,0.5207806,0.017,0.795,0.188,0.9769,B003SE19UK,A9GRWS6KP8SMA,Anne Kirkwood,1,1,5,1292544000,Palatable and healthy,"Before I was educated about feline nutrition, I allowed my cats to become addicted to dry cat food. I always offered both canned and dry, but wish I would have fed them premium quality canned food and limited dry food. I have two 15 year old cats and two 5 year old cats. The only good quality dry foods they will eat are Wellness and Innova. Innova's manufacturer was recently purchased by Procter&Gamble. I began looking for a replacement. After once again offering several samples (from my local holistic pet store) Holistic Select was the only one (other than the usual Wellness and Innova) they would eat. For finicky cats, I recommend trying Holistic Select. It is a good quality food that is very palatable for finicky eaters."
125,POSITIVE,0.004302054,0.027235242,0.9684627,0.079,0.67,0.252,0.9678,B003SE19UK,ASOEVZ99YWPVL,PurpleGreen,0,0,5,1349049600,Healthy & They LOVE It!,"My holistic vet recommended this, along with a few other brands. We tried them all, but my cats prefer this (especially the sardine version). The best part is their coats are so soft and clean and their eyes are so clear. AND (and I don't want to be rude, so I'll say this as delicately as I can) their waste is far less odorous than cats who eat the McDonalds junk found in most stores, which is a definite plus for me! The health benefits are so obvious - I highly recommend Holistic Select!"
126,NEGATIVE,0.023989344,0.18277107,0.7932396,0.035,0.87,0.095,0.5709,B003SE19UK,A1QAJ948PN36II,Winter Green,0,0,5,1341964800,Wonderful food - perfect for allergic kitties,"One of my cats is allergic to fish and beef. This formula is one of the few she can eat, and it has much better ingredients than the prescription diets available at the vet. Both of my kitties are very active, have soft shiny fur, and neither are fat. Dry food reduces tartar buildup on teeth, also."
127,POSITIVE,0.0015730266,0.014196356,0.9842306,0.0,0.721,0.279,0.9258,B003SE19UK,A1LWFJRITZLYUG,PMG1,0,0,5,1334188800,Holistic select cat food,Our cats thrive extremely well on this dry cat food.  They definitely have much less hair ball throw ups and their fur is great.  They are fit and not over weight.  This vendor ships extremely fast.  Is one of the top Amazon suppliers in our book!
128,POSITIVE,0.007769847,0.049486924,0.9427432,0.067,0.633,0.299,0.9022,B003OB0IB8,A34UG2TNXIL0Y,Austin H.,4,4,4,1325808000,Tastes great. Love Hot & Spicy. Bad price here.,"I've been a fan of Hot & Spicy Maruchan Ramen for a long time. If you enjoy spice, and love ramen, you'll love this product. Too bad it's way too expensive here on Amazon. It's only $3.36 per 12 at my Walmart."
129,POSITIVE,0.002505719,0.013060362,0.98443395,0.043,0.728,0.229,0.8142,B003OB0IB8,A3NVZTGPORNPRW,B. Pearce,4,4,5,1314489600,My favorite ramen,"I've been eating Ramen noodles since I was a little kid, and I've never found a better flavor than Hot & Spicy Chicken!  It isn't hot at all to a chilihead like me, but it sure is good!"
130,NEGATIVE,0.58715993,0.2633001,0.14954004,0.114,0.676,0.21,0.6721,B003OB0IB8,A28D854VMOEHGX,Benny,3,3,3,1329436800,It burns!,"I LOVE spicy ramen, but for whatever reasons this thing burns my stomach badly and the burning sensation doesn't go away for like 3 hours! Not sure if that is healthy or not .... and you can buy this at Walmart for $0.28, way cheaper than Amazon."
131,POSITIVE,0.001669051,0.016341789,0.98198915,0.0,0.755,0.245,0.8658,B003OB0IB8,AISIYS3D2EAOX,RTyst,1,1,5,1330473600,Amazing to the last bite.,"Always being a fan of ramen as a quick and easy meal, finding it on amazon for a decent price and having it delivered to your door by the case is an amazing situation for anyone to find themselves in."
132,NEGATIVE,0.74938285,0.2226979,0.027919294,0.135,0.76,0.105,-0.3612,B003OB0IB8,A2DLRG3YX6A2ZU,luckybabe,2,3,2,1323820800,Not for me,"I must be a bit of a wuss, because this soup tastes to me how I imagine fire might taste. Typically I like spicy food if it has a good flavor.  I don't find this to be the case with this soup. Any flavor is killed off by the burn."
133,POSITIVE,0.08118543,0.193084,0.7257306,0.046,0.772,0.181,0.7902,B003OB0IB8,A56HS2VNURVJ0,"J. Espinoza ""jchav1980""",0,0,5,1343606400,Great spicy flavor,I really loved the spicy flavor these had.  I found myself liking the broth more than the noodles which is usually the opposite.  If you aren't used to the heat this might bother you and if you like hot hot foods this might not be enough.
134,POSITIVE,0.0017438813,0.013367537,0.98488855,0.02,0.878,0.103,0.8082,B003OB0IB8,AOTEC8KEH8JGN,Seth S Moyers,0,0,5,1334880000,Great value and convenient ramen,"Got these on sale for roughly 25 cents per cup, which is half the price of my local grocery stores, plus they rarely stock the spicy flavors. These things are a GREAT snack for my office where time is constantly crunched and sometimes you can't escape for a real meal. This is one of my favorite flavors of Instant Lunch and will be back to buy every time it goes on sale."
135,POSITIVE,0.0010293359,0.026390294,0.9725804,0.0,0.877,0.123,0.4215,B003OB0IB8,A1D0URD0AL237J,Mother of Pearl,0,0,5,1334620800,great flavor,i have bought allot of different flavors and this happens to be one of my favorites and will be getting more soon
136,NEGATIVE,0.023649856,0.057855144,0.91849506,0.0,0.9,0.1,0.6503,B003OB0IB8,A2BZNXMV0LC7OE,Alanna,0,0,4,1333756800,"Tastes great, but is cheaper locally.","I love this flavor of ramen! I don't eat other flavors anymore because they taste too bland by comparison. For the convenience of having it delivered to my home (I have prime, so I get it in two days and don't have to pay for the shipping), the price on amazon isn't bad at all, but it is still cheaper to run down and pick up a case of this at the grocery store."
137,POSITIVE,0.0014717451,0.011302724,0.9872255,0.0,0.695,0.305,0.9661,B002SRYRE8,A198FU6P1BVUNZ,Sarah,0,0,5,1349740800,Tastes awesome & looks beautiful,"The BEST investment I've ever made for ginger. It's unbelievable! It's fibrous like the real ginger, has that spicy kick to it, but it's perfect with the sugar - calms it down.  It's very worth the $40 for 5lbs of it!  I'll be getting more soon - I use these as a topper for my ginger cupcakes and cookies :)"
138,POSITIVE,0.02491214,0.10337328,0.8717146,0.0,0.689,0.311,0.8591,B002SRYRE8,A21E0OJ4DSKXNA,Smileface,0,0,5,1342051200,Happy Face,Delicious. I cannot get Australian ginger where I live. This compares favorably to Australian Ginger I've purchased in other cities. Now I can enjoy it without traveling.
139,POSITIVE,0.1563997,0.24645066,0.5971496,0.15,0.773,0.077,-0.4199,B002SRYRE8,A1FJJQA34W0F4K,"Gettin Real ""gettin real""",0,0,5,1329177600,Simply the BEST!,"I keep trying other brands.... cheaper brands. Stupid me! This ginger IS soooo worth the money. Tender, moist and never a let down."
140,POSITIVE,0.02440162,0.07160538,0.90399307,0.043,0.833,0.125,0.835,B002SRYRE8,A20PK3OCKRRSA5,Mrs. J. Todd,0,0,5,1268265600,Excellent Product/Life Saver,"My son has had acid reflux since birth and has been on every medication available with no improvement, Until an older gentleman came into his work place and told him about this product and I automatically ordered it for him. I was really not expecting any better results than the 1000 other things we have tried. What a surprise! He has not had any heartburn or symptoms since day 2 of starting eating one piece of this Ginger each morning. He can now eat anything and actually enjoy it. This product was a God send for him. Thank you all for it!"
141,NEGATIVE,0.24081129,0.43190488,0.3272838,0.098,0.787,0.114,0.2023,B001GVISJW,ARS5Q7LR6HWPG,"N. Pine ""pcone""",0,0,4,1314489600,Nice snack,I bought this for our office to give people something sweet to snack on.  Because it's bite size it's easier for people to grab a couple a pieces rather than an entire licorice stick. My only complaint is that one of the bags broke open in shipping.
142,NEGATIVE,0.016400807,0.087009,0.8965902,0.0,0.782,0.218,0.7814,B001GVISJW,A2YIO225BTKVPU,"Angel_Boy ""Treat the people around you the wa...",0,0,4,1301788800,Good Licorice,Twizzlers brand licorice is much better than that other well known brand.<br />If you can get these for $2 to $2.50 a package with free s/h it's a good deal.<br />The black and cherry have good taste; but the strawberry taste was too delicate and barely there
143,POSITIVE,0.0025163004,0.00723264,0.99025106,0.0,0.763,0.237,0.9296,B001GVISJW,A1ROND7G1QTOFY,Karon Dixon,0,0,5,1285804800,I love these!!!!!!!!,"I love these.........very tasty!!!!!!!!!!!  Infact, I think I am addicted to them.<br />Buying them in packs of 6 bags - is very reasonable than going to Target and getting a bag.  Savings are about a $1.00 a bag.  I use subscribe and save on these and several other product.  I love subscribe and save!!!!!!!!!!!"
144,POSITIVE,0.0021510706,0.011133478,0.9867155,0.059,0.667,0.274,0.9653,B001GVISJW,A1Z54EM24Y40LL,c2,0,0,5,1269129600,Great for the kids!,"If you are looking for a less messy version of licorice for the children, then be sure to try these!  They're soft, easy to chew, and they don't get your hands all sticky and gross in the car, in the summer, at the beach, etc. We love all the flavos and sometimes mix these in with the chocolate to have a very nice snack! Great item, great price too, highly recommend!"
145,NEGATIVE,0.50522566,0.4370697,0.057704672,0.058,0.841,0.102,0.6124,B001GVISJW,A281387UUS2IN5,Beantown Jim,0,1,3,1271548800,Bite sized,"I might be mistaken, but it appears that the pieces in this bag were reduced in size.  If they did do that, it was doubtlessly done to make it appear that the buyer got a better deal, having so many pieces after all.  The problem is that the pieces have to be a certain size in order to have enough flavor for your eating experience.  As it is, you have to use 2 or 3 pieces to match the old piece size;  it is not the same."
146,POSITIVE,0.005146591,0.034386694,0.96046674,0.144,0.677,0.178,0.6341,B0017I8UME,A2NH6XPAZG881D,MarkD,2,2,5,1240012800,Sweet with a nice kick!,"Being a fan of Newman's Pineapple salsa for quite a while, I was looking for a comparable salsa.  This is one of the best tasting salsas I've ever had.  My daughters love it too.  They don't like super chunky salsa and the Berry Mango has a nice smooth texture with small mango pieces.  The salsa is not too sweet, just sweet enough and although it's mild, it has a nice little kick to it.  At this price, it's a steal!"
147,NEGATIVE,0.36342314,0.41858402,0.21799284,0.087,0.783,0.13,0.7567,B0017I8UME,AKX0RW482WAFD,Barbie,2,2,2,1224633600,BROKEN BOTTLE BOTTOMS!,"The SALSA smelled delicious, as I think it probably was - but, unfortunately, the person, at AMAZON, that is a packer (there is probably several) had very little ""stuffing"" to work with, especially on the bottoms.  Therefore, the bottoms were broken on all three bottles. As I reached for my computer; I was told NO RETURNS (cause it's a food item).  I then looked for a CUSTOMER SERVICE tag; and I found ""none"" on their NEW FACE LIFT.  THEY SEEM TO BE PROUD OF THEIR NEW FACE LIFT BUT...THEY SHOULD AT LEAST HAVE A PLACE TO CONTACT THEM IN EMERGENCIES!  LIKE: I BUY A LOT OF ""STUFF"" AND IT ALL COMES IN STYROFOAM BOXES.  NEVER WOULD I SHIP THINGS<br />ESPECIALLY SALSA - IN A CARDBOARD BOX WITH JUST A STRIPE OF LARGE BUBBLE WRAP ON IT.  NO MATTER HOW MUCH THE CARRIER (FED EX) IS CAREFUL, IT'S GOING TO BREAK SOMEWHERE ALONG THE LINE.  ESPECIALLY IN AN ALL GLASS CONTAINER!  BARBARA L. S."
148,NEGATIVE,0.055790223,0.12982313,0.81438667,0.058,0.867,0.075,0.1533,B0017I8UME,ATBE88PKKQTRA,Matthew R Lehmkuhler,0,0,5,1344384000,Love the salsa!!,This is one of the best salsas that I have found in a long time but stay away from the variety pack. The other two that come with it are not worth your money.
149,POSITIVE,0.044037934,0.18290491,0.77305716,0.04,0.833,0.127,0.6956,B0064KU9HO,AJFIH0DZYJF7T,Lisa Barton,0,0,3,1350345600,Ehhh...,These remind me of dog treats I made once using pumpkin and cinnamon. They're kind of bland and not my favorite Back To Nature product. But my finace really loves them so that's where the three stars come from.
150,POSITIVE,0.0012933485,0.013132103,0.9855745,0.0,0.709,0.291,0.9231,B0037ZFEW4,ABTKZKAWOK4DC,huntersgun,3,3,5,1326153600,awesome cornmeal,"This is the best cornmeal. I made regular cornbread and hot water cornbread with this meal and both were outstanding. Also fried some oysters with this meal, it gave them a great texture and flovor."
